{"frame_ms": 10, "values": [0.008748659451087095, 0.009945224024445927, 0.0038856481482770233, 0.002555501967573753, 0.02393029107376974, 0.2214597503978434, 0.30299605820640285, 0.33620129014909306, 0.4400015881027857, 0.6643007507578459, 0.7655213559808947, 0.7428470479556238, 0.6243006728141508, 0.5443906393241112, 0.47994428696029123, 0.4020670180767435, 0.07532706601072407, 0.008952895745714819, 0.0045159052373778714, 0.004981651436561453, 0.0030109593380443804, 0.0030163519478303364, 0.007533569114170602, 0.004334446650133092, 0.011653986216283871, 0.18652298535208314, 0.2760954273009066, 0.2899038661951723, 0.2941700482283572, 0.2867864315615734, 0.3309615600486229, 0.3698331594330626, 0.43548704753250095, 0.4062025922263552, 0.3887078863082644, 0.4353794226000667, 0.49604936814456496, 0.5094143456901695, 0.5563537438409693, 0.5199015654643179, 0.5540309521372127, 0.42172754962351455, 0.1985503586210285, 0.07434787224499485, 0.007323544673776755, 0.005330933357653622, 0.05843156529659977, 0.04487263756662011, 0.10897761220464645, 0.1843550719458581, 0.2013774529907309, 0.0778064758266329, 0.04869433176051772, 0.006142448683471837, 0.008738352136843796, 0.007599371621584475, 0.005640521408175333, 0.006201217446589605, 0.04619412246081885, 0.04544881632408209, 0.2970485019256616, 0.33629447462017587, 0.43958465892708976, 0.5222824321801123, 0.5379022790666828, 0.5521831646211898, 0.5784581929853876, 0.5839959185340851, 0.5739885396323159, 0.6359517241806465, 0.5573988504836024, 0.5320678803288695, 0.49790136601196977, 0.48837636811192603, 0.4292311265083932, 0.5082658592627766, 0.5055437801035775, 0.47347537783032173, 0.43483614808661797, 0.3897376129896508, 0.3084448792279844, 0.30898707505636824, 0.31741912141171064, 0.2737483999794841, 0.3929541126677503, 0.4167691823434983, 0.5194561381251354, 0.5518145326993634, 0.5096091005388067, 0.42677482143064677, 0.2522994085952549, 0.12269279703524454, 0.05189765234286568, 0.00821557318331863, 0.003362171365981349, 0.0018402715168615526, 0.018351799493741782, 0.02287311446720578, 0.09436406539559522, 0.14691199955015352, 0.1845038086977787, 0.19368326201601227, 0.32258866739038317, 0.12736530407401256, 0.013236796703427093, 0.003260442230342826, 0.008091632051894912, 0.012646291659948083, 0.0661028994567394, 0.14034337294520063, 0.042487882365148534, 0.37569462968637335, 0.5284944402831945, 0.6067378705518073, 0.5898988311716601, 0.6025971813472109, 0.6174801123530527, 0.6221883290869098, 0.484562972833769, 0.11336750375643374, 0.04250934732803098, 0.007214807347369369, 0.006284639382882187, 0.003269492528522695, 0.006497093583132205, 0.012947336133298194, 0.015548144776516289, 0.006611938746242261, 0.007606367851127821, 0.005078723849629353, 0.0020831580651333704, 0.0055890788956867695, 0.0081109630234067, 0.08670432275036576, 0.5149898252161355, 0.5924611605523897, 0.5651999008723222, 0.5667828538067875, 0.5962476235002189, 0.5924436928135983, 0.5172274355960643, 0.4534171594575592, 0.3320414629836693, 0.2838963211063105, 0.2670539760783841, 0.2067818565450469, 0.19681324071302614, 0.13846887927475063, 0.11890813479554778, 0.24185290048323002, 0.2226145871486018, 0.25916725721774275, 0.19981132406364743, 0.2488564372479835, 0.3272642452019566, 0.25313001349330627, 0.015511900088431297, 0.004597611825192891, 0.01070448782397697, 0.005150794039214169, 0.08789101550682853, 0.08336199097982672, 0.2622894067489636, 0.3938792764904348, 0.4373683438781178, 0.5705544239414637, 0.5781312470218724, 0.49807684371461, 0.5295180428171162, 0.5398032701138055, 0.5848203122939407, 0.466033842734816, 0.4533696625184151, 0.23047771412298693, 0.2235981391499558, 0.11564324217377449, 0.012280348839094776, 0.010484288186512581, 0.0037278817584751765, 0.007572007599753837, 0.004437357772329529, 0.012210188639748208, 0.009028896828958199, 0.006717019199793839, 0.015726197404795084, 0.04678827350331229, 0.05043853506356274, 0.039383935644396365, 0.027514417930752176, 0.011154632235549744, 0.004264517248069797, 0.0027420788719556984, 0.005492418601207139, 0.0020065718333007756, 0.00930617162874555, 0.00934261530812778, 0.0035134474317100144, 0.00848756601465606, 0.011170977793910885, 0.008226535646505021, 0.0016604849186518356, 0.0025848189313160855, 0.006584509481363349, 0.011415749050739745, 0.008968558970529419, 0.007301117375932253, 0.0116456155331902, 0.004247159335076256, 0.0010639675923512738, 0.00293190216168139, 0.003484947637147325, 0.007960289096644405, 0.011040203540564508, 0.021066406149145123, 0.025140697503512163, 0.02014575497063297, 0.05301745792623701, 0.5149078103549173, 0.7258196214483511, 0.702964094332192, 0.7462535353902999, 0.68077985728927, 0.6904953996865689, 0.7242114759981786, 0.7126600116205698, 0.7610273452231336, 0.7449946055307871, 0.70056321974826, 0.6116911227768388, 0.6064952708011018, 0.5511648511237149, 0.4758478934359369, 0.42277627508055865, 0.36501042810087336, 0.2940239733928062, 0.1840769973750373, 0.1265411190919114, 0.18304090297213924, 0.18694649102704528, 0.28087617690629924, 0.16627396150987236, 0.06473663608374132, 0.008125431213053732, 0.017929183299004472, 0.016804439904262874, 0.007529547423936522, 0.198284010400751, 0.20689193461609634, 0.023086437487381994, 0.04074007764583874, 0.03856246477310347, 0.004762867573244629, 0.006275464035526458, 0.007395414240988126, 0.007898522415458405, 0.005353058906399853, 0.00447465858225847, 0.02181742975167904, 0.4271150595778639, 0.4920216972977269, 0.5648693012981035, 0.531931026510808, 0.5302610132527247, 0.4984442229699095, 0.49436915957280453, 0.3587778901852673, 0.20127360345602344, 0.11898565223597148, 0.14092377510265428, 0.1387453619151935, 0.14098385090150584, 0.18928127005353826, 0.1962954022893316, 0.18149953160710783, 0.09366591258461501, 0.10934343432586045, 0.47846366992181344, 0.5691439562284911, 0.6308317281223705, 0.6459731259882582, 0.6989025318965434, 0.593100298851437, 0.14897449758851256, 0.17376960484008078, 0.48972354136899887, 0.6147093531807674, 0.6604552037054989, 0.6099427482682407, 0.57453967810785, 0.37485485596527107, 0.12170499118714302, 0.027779182919724883, 0.004684045271855429, 0.002413374064597368, 0.006208479541554672, 0.00955248153412956, 0.02346538433514063, 0.021857617294648114, 0.025207752133760846, 0.034760145589775235, 0.027476829235872722, 0.219905834969397, 0.37745386063820435, 0.36150675462148696, 0.36838810420543117, 0.24952640506210894, 0.14770632931336405, 0.15313521205939282, 0.20902778323886256, 0.2165426167243369, 0.19931963505370145, 0.19151884563717475, 0.20985309910046712, 0.2422267518489184, 0.1774773933707635, 0.10172198500043182, 0.04563803856222555, 0.4116022808830492, 0.5328664900360469, 0.5522181000987727, 0.5517564576873256, 0.5797853583743228, 0.5620654508517332, 0.5975863064619429, 0.545024001438618, 0.5695286640374124, 0.5164493209051184, 0.5477278821368848, 0.5521765533256313, 0.4580461798298837, 0.3478712011060767, 0.1494785044859728, 0.07191270591488952, 0.08940682029600927, 0.11164399989783809, 0.1219495221320774, 0.20147208150794882, 0.29799523944964235, 0.32566347656577577, 0.14902309061086771, 0.057774541703252066, 0.028246658059687752, 0.29809444367931265, 0.3830351511450033, 0.3375246279458628, 0.37866348415136747, 0.34841464960098745, 0.35289853463765614, 0.3175187431968899, 0.3604908072718962, 0.3463031409847643, 0.3283846510213721, 0.3425180698886317, 0.27411617939214633, 0.33088660883476473, 0.2532662409781043, 0.2573390426162024, 0.1757423110458673, 0.16121052682491419, 0.1261449024092744, 0.06577151696594145, 0.032606220293100306, 0.012772536958360042, 0.012051800266219473, 0.007278012094077762, 0.005694742730828339, 0.0035533794394066757, 0.004236187629124691, 0.002154285356747596, 0.0016245044649123583, 0.0036737876597663067, 0.005098612649203892, 0.00570860579120262, 0.005098177695548726, 0.0039574187635318435, 0.0023165422352699814, 0.0009487196893411371, 0.004900017703483673, 0.004283702510107105, 0.008513115192360516, 0.005168833742062183, 